熱門查詢項目,點擊,曝光,點閱率,排名
艦隊輕旅行,18,172,10.47%,4.09
中巴小可愛,10,126,7.94%,2.93
開車環島五天四夜,7,332,2.11%,7.96
艦隊輕旅行評價,7,78,8.97%,2.46
台灣保母車,6,38,15.79%,3.68
開車環島,5,216,2.31%,10.56
豪華中巴,5,27,18.52%,5.89
開車環島五天,4,133,3.01%,5.47
汽車環島,4,102,3.92%,9.38
台灣環島旅遊行程規劃,4,95,4.21%,12.46
汽車環島路線,3,291,1.03%,8.43
開車環島要幾天,3,229,1.31%,8.69
小可愛中巴,3,96,3.12%,3.19
台灣環島旅遊,2,766,0.26%,18.42
3天2夜開車環島路線,2,68,2.94%,4.19
環島,2,33,6.06%,23.12
元宸曜國際旅行社,2,17,11.76%,8.06
環島路線規劃,2,8,25%,2.5
漫遊台灣,1,270,0.37%,8.56
台灣環島,1,136,0.74%,11.17
開車環島路線7天,1,101,0.99%,9.11
開車環島三天兩夜,1,76,1.32%,8.63
汽車環島路線規劃,1,70,1.43%,7.9
豪華保母車,1,50,2%,6.76
豪華中型巴士,1,42,2.38%,7.67
台灣環島全覽五日遊,1,28,3.57%,8.93
小可愛中型巴士,1,18,5.56%,6.56
環島旅行規劃,1,18,5.56%,7.78
開車環島景點,1,18,5.56%,11.22
開車環島路線9天,1,16,6.25%,10.19
台湾环岛攻略,1,14,7.14%,7.71
開車環島4天3夜台北出發,1,13,7.69%,9.08
開車環島路線圖,1,11,9.09%,12.55
開車環島旅行規劃,1,10,10%,9.1
演唱會包車,1,7,14.29%,15
小可愛中巴價格,1,4,25%,8.75
頂級保母車,1,4,25%,11.75
小可愛遊覽車,0,118,0%,1.2
開車環島路線推薦,0,106,0%,8.56
開車 環島 旅行 規劃,0,104,0%,11
開車 環島 旅行,0,89,0%,11.78
台灣環島自駕遊,0,84,0%,11.19
開車環島路線,0,78,0%,9.91
保母車推薦,0,58,0%,7.69
開車繞台灣一圈要多久,0,58,0%,9.78
小可愛巴士,0,47,0%,5.3
台灣環島要幾天,0,40,0%,9.25
保姆車推薦,0,37,0%,6.05
開車環島行程規劃,0,36,0%,10.42
小可愛 巴士,0,34,0%,6.44
台灣開車環島,0,34,0%,7.24
小可愛 遊覽車,0,33,0%,1
台灣一圈,0,29,0%,8.97
中巴車,0,26,0%,1.15
遊覽車小可愛,0,24,0%,1.42
台灣環島遊,0,24,0%,12.17
環島行程,0,24,0%,25.67
環島要幾天,0,22,0%,8.59
環島行程規劃,0,22,0%,24.55
開車環島要多久,0,20,0%,9.6
包車環島,0,20,0%,10.15
環島包車,0,20,0%,11.65
roaming taiwan,0,19,0%,4.42
環島汽車,0,19,0%,8.42
汽車環島要幾天,0,16,0%,9.44
開車環島一圈要多久,0,15,0%,7.33
可愛小車,0,14,0%,1.14
環島一圈幾公里,0,14,0%,3.29
小可愛車型,0,14,0%,7.43
環島規劃,0,14,0%,8.07
環島旅遊規劃,0,14,0%,18.29
環島行程規劃 開車,0,13,0%,8
環島旅行,0,13,0%,18.31
開車環島五天高雄出發,0,12,0%,7
台灣環島旅行,0,12,0%,7.67
環島台灣,0,12,0%,10.25
台灣漫遊,0,11,0%,1
開車環島5天4夜,0,11,0%,1.64
演唱會包車推薦,0,11,0%,7.82
中巴,0,11,0%,28.27
開車環島五天台南出發,0,10,0%,8.6
什麼是保母車,0,10,0%,9.8
台灣 環島,0,10,0%,11.1
26座包車,0,10,0%,15
火車環島五天四夜,0,9,0%,2.33
漫遊臺灣,0,9,0%,7.78
親子環島規劃,0,9,0%,9.33
26人座巴士,0,8,0%,7.62
三天環島台北出發,0,8,0%,9
台灣繞一圈,0,8,0%,9.88
環島旅遊,0,8,0%,12.62
中型巴士,0,8,0%,19
可愛台灣,0,7,0%,1
台湾环岛,0,7,0%,6.43
環島推薦行程,0,7,0%,9.14
台灣環島行程,0,7,0%,9.29
開車環島一天,0,7,0%,10
保母車,0,7,0%,13.14
賓士保母車,0,7,0%,26.14
台中開車環島路線,0,6,0%,4.67
lexus 阿爾法,0,6,0%,8.5
4天3夜開車環島路線,0,6,0%,9.67
開車 環島,0,6,0%,13
台灣 環島 自駕 遊,0,6,0%,17.83
台灣環島遊路線,0,6,0%,26.67
騎車環島,0,5,0%,4.8
褓母車,0,5,0%,6
三天環島開車,0,5,0%,9.8
自駕環島行程,0,5,0%,13.8
台灣環島路線,0,5,0%,14.6
環島推薦,0,5,0%,18.4
環島旅遊推薦,0,5,0%,42.8
演唱會接駁車,0,4,0%,4.5
元宸曜國際旅行社有限公司,0,4,0%,6.25
親子旅遊包車,0,4,0%,7.25
台灣最北到最南開車多久,0,4,0%,10.5
環島怎麼玩,0,4,0%,10.5
環島推薦景點,0,4,0%,11
環島 台灣,0,4,0%,13.25
台灣環島景點,0,4,0%,19.25
機車環島要幾天,0,3,0%,1
環島景點,0,3,0%,1
新娘換衣拍攝,0,3,0%,1.33
環島行程推薦,0,3,0%,4
包車環島價格,0,3,0%,6.33
繞台灣一圈,0,3,0%,8
25人中巴,0,3,0%,9.67
benz 保母車,0,3,0%,10
taiwan roaming,0,3,0%,10.67
環島車,0,3,0%,11.33
自駕環島,0,3,0%,11.33
環島攻略,0,3,0%,12
親子環島行程,0,3,0%,13.33
benz vito v class,0,2,0%,1
台灣慢遊,0,2,0%,1
坐火車遊台灣環島五日,0,2,0%,1
時環島,0,2,0%,1
火車環島規劃,0,2,0%,1
環島五日遊,0,2,0%,1
順環島 意思,0,2,0%,1
lexus 阿法,0,2,0%,2
圖片,0,2,0%,2
騎車環島要多久,0,2,0%,2
台灣環島幾公里,0,2,0%,3
開車,0,2,0%,4.5
25人巴士,0,2,0%,5.5
包車,0,2,0%,6
開車環島費用,0,2,0%,6
環島遊,0,2,0%,7
台湾環島,0,2,0%,7.5
alphard lexus,0,2,0%,8
roaming bus,0,2,0%,8
可愛巴士,0,2,0%,8.5
汽車保母,0,2,0%,9
漫遊 台灣,0,2,0%,10.5
三天環島,0,2,0%,11
台中開車環島四天,0,2,0%,11
環島幾天適合,0,2,0%,11
四天三夜環島台北出發,0,2,0%,12
開車環島行程,0,2,0%,14
環島一周,0,2,0%,18.5
車車漫遊,0,2,0%,37
7人,0,1,0%,1
fleet experience,0,1,0%,1
lexus阿法,0,1,0%,1
roaming shuttle,0,1,0%,1
五天環島,0,1,0%,1
五天環島 行程,0,1,0%,1
台中12人座小巴,0,1,0%,1
台湾环岛游旅行团,0,1,0%,1
台灣環島自由行,0,1,0%,1
摩托車環島要幾天,0,1,0%,1
暑假環島,0,1,0%,1
機車半環島路線,0,1,0%,1
機車環島地圖,0,1,0%,1
機車環島揪團,0,1,0%,1
機車環島路線五天四夜,0,1,0%,1
淡水,0,1,0%,1
漫游之旅,0,1,0%,1
環島4天3夜行程,0,1,0%,1
環島5天4夜,0,1,0%,1
環島台灣五日遊2999,0,1,0%,1
環島團,0,1,0%,1
環島旅行社,0,1,0%,1
環島計畫,0,1,0%,1
評價,0,1,0%,1
騎車環島要幾天,0,1,0%,1
5天,0,1,0%,2
ram travel,0,1,0%,2
roam trip,0,1,0%,2
台灣包車推薦,0,1,0%,2
哪間公司,0,1,0%,2
嘉義包車推薦,0,1,0%,2
搭uber,0,1,0%,2
機車環島路線圖,0,1,0%,2
環島要多久,0,1,0%,2
長輩,0,1,0%,2
tr pass 買 一 送 一 2026,0,1,0%,3
一日環島火車票怎麼買,0,1,0%,3
台灣一圈幾公里,0,1,0%,3
台灣環島遊7天,0,1,0%,3
山嵐號,0,1,0%,3
明日號,0,1,0%,3
有,0,1,0%,3
沖繩環島一圈多久,0,1,0%,3
火車環島之星,0,1,0%,3
環島機車,0,1,0%,3
環島路線,0,1,0%,3
鐵路環島,0,1,0%,3
開車繞台灣一圈幾公里,0,1,0%,3
騎單車環島,0,1,0%,3
去武嶺要帶什麼,0,1,0%,4
台鐵一日環島列車票價,0,1,0%,4
台鐵旅行,0,1,0%,4
海風號,0,1,0%,4
火車種類,0,1,0%,4
萌旅號價格,0,1,0%,4
鐵路列車,0,1,0%,4
mercedes vito v class,0,1,0%,5
四天三夜環島規劃,0,1,0%,5
日本環島,0,1,0%,5
環島24耐,0,1,0%,5
環島之星,0,1,0%,5
等待進場,0,1,0%,5
閨蜜聚會,0,1,0%,5
火車環島一日遊,0,1,0%,6
環島之星一日遊,0,1,0%,6
環島騎車,0,1,0%,6
要,0,1,0%,6
台東租機車ptt,0,1,0%,7
徒步台灣,0,1,0%,7
豪華小巴,0,1,0%,7
不老騎士環島路線,0,1,0%,8
保母車是什麼,0,1,0%,8
台湾环岛游,0,1,0%,8
台灣環島要多久,0,1,0%,8
海岸星光號價格,0,1,0%,8
網約車,0,1,0%,8
台灣包車旅遊,0,1,0%,9
台灣機車環島,0,1,0%,9
台灣開車環島要幾天,0,1,0%,9
四極點環島機車路線,0,1,0%,9
機車旅遊,0,1,0%,9
環台旅遊,0,1,0%,9
25人座中巴,0,1,0%,10
保母车,0,1,0%,10
台湾 環島,0,1,0%,10
台灣環島遊行程,0,1,0%,10
機車環島報名,0,1,0%,10
雷克萨斯阿尔法,0,1,0%,10
台灣環島行程規劃,0,1,0%,11
台灣 環島遊,0,1,0%,12
環島遊 台灣,0,1,0%,12
台灣環島 距離,0,1,0%,13
台灣,0,1,0%,14
演唱會 包車,0,1,0%,14
環島五天四夜行程,0,1,0%,15
一個人開車環島,0,1,0%,16
台灣環島一圈,0,1,0%,16
中中巴士,0,1,0%,17
有長輩,0,1,0%,17
中型 巴士,0,1,0%,18
環島住宿規劃,0,1,0%,23
親子環島,0,1,0%,24
保母車包車旅遊,0,1,0%,25
尊,0,1,0%,27
賓士 保母車,0,1,0%,49
lumi 塞席爾 租車 台灣,0,1,0%,66
保母 車 價格,0,1,0%,86