熱門網頁,點擊,曝光,點閱率,排名
https://doggy-willie.com/,1037,7078,14.65%,6
https://doggy-willie.com/dog-eat-vegetables/,882,34744,2.54%,6.77
https://doggy-willie.com/puppy-stereotypes/,452,32458,1.39%,7.08
https://doggy-willie.com/vomit-color/,204,14838,1.37%,11.37
https://doggy-willie.com/5-essential-tips-for-puppy-teething/,96,10381,0.92%,7.74
https://doggy-willie.com/puppyfood/,85,5816,1.46%,10.57
https://doggy-willie.com/dog-poisoning/,74,5632,1.31%,8.78
https://doggy-willie.com/about-us/,65,922,7.05%,3.29
https://doggy-willie.com/product/,59,1804,3.27%,4.1
https://doggy-willie.com/doggy-eat-fruit/,45,17916,0.25%,10.47
https://doggy-willie.com/鮭魚粉重金屬【汞】超標官方申明稿/,39,553,7.05%,3.87
https://doggy-willie.com/dog-anxiety-behavior/,30,1573,1.91%,10.55
https://doggy-willie.com/puppy-food/,29,4005,0.72%,18.88
https://doggy-willie.com/five-tips-get-along-with/,28,2589,1.08%,6.8
https://doggy-willie.com/dog-emotions/,27,1730,1.56%,12.11
https://doggy-willie.com/channels/,24,1626,1.48%,4.71
https://doggy-willie.com/shortness-of-breath/,18,3540,0.51%,15.88
https://doggy-willie.com/new-custom/,17,827,2.06%,6.4
https://doggy-willie.com/dog-skin-conditions/,16,5327,0.3%,6.3
https://doggy-willie.com/how-to-socialize-your-dog/,16,1804,0.89%,10.74
https://doggy-willie.com/pet-five-things/,12,717,1.67%,10.73
https://doggy-willie.com/thindog/,11,1817,0.61%,9.7
https://doggy-willie.com/good-food/,11,670,1.64%,5.62
https://doggy-willie.com/benefits-of-having-pets-for-children/,9,1813,0.5%,9.45
https://doggy-willie.com/snack-ingredients/,8,567,1.41%,8.54
https://doggy-willie.com/pet-old-four-signs/,6,379,1.58%,15.59
https://doggy-willie.com/freeze-dried-pet-food-differs-from-traditional-feed-a-healthier-choice/,6,361,1.66%,9.74
https://doggy-willie.com/puppy-vaccinations/,5,5476,0.09%,14.74
https://doggy-willie.com/nutrition-olddogs/,5,1331,0.38%,14.86
https://doggy-willie.com/partner/,5,244,2.05%,5.79
https://doggy-willie.com/doggywillie-com-pet-picnic-pet-recipe-prepare/,5,147,3.4%,7.57
https://doggy-willie.com/pet-vomit-three-principles/,4,2987,0.13%,16.05
https://doggy-willie.com/dog-hair-shedding-and-care-tips/,3,957,0.31%,24.36
https://doggy-willie.com/olddog/,3,523,0.57%,22.39
https://doggy-willie.com/puppy-traning-five-tips/,3,508,0.59%,11.54
https://doggy-willie.com/freeze-dried-pet-food/,3,355,0.85%,25.63
https://doggy-willie.com/category/重要公告/,3,178,1.69%,7.03
https://doggy-willie.com/pet-inbody/,3,74,4.05%,14.36
https://doggy-willie.com/vomit-color/#%E7%8B%97%E7%8B%97%E7%82%BA%E4%BB%80%E9%BA%BC%E5%90%90%E6%B2%92%E6%B6%88%E5%8C%96%E7%9A%84%E9%A3%9F%E7%89%A9,2,5267,0.04%,6.94
https://doggy-willie.com/category/pet-diy-recipes/,2,51,3.92%,13.55
https://doggy-willie.com/certificate/,2,40,5%,4.05
https://doggy-willie.com/my-account/,2,23,8.7%,4.43
https://doggy-willie.com/vomit-color/#%E7%8B%97%E7%8B%97%E5%98%94%E5%90%90%E7%89%A9%E9%A1%8F%E8%89%B2%E5%88%86%E5%88%A5%E4%BB%A3%E8%A1%A8%E4%BB%80%E9%BA%BC,1,5242,0.02%,6.95
https://doggy-willie.com/5-essential-tips-for-puppy-teething/#%E5%B9%BC%E7%8A%AC%E6%8F%9B%E7%89%99%E7%9A%84%E5%9F%BA%E6%9C%AC%E6%A6%82%E5%BF%B5,1,1995,0.05%,8.03
https://doggy-willie.com/olddogfood/,1,620,0.16%,32.82
https://doggy-willie.com/puppy-food/#%E4%BA%8C%E3%80%81%E5%B9%BC%E7%8A%AC%E9%A3%BC%E6%96%99%E4%BB%BD%E9%87%8F%E6%80%8E%E9%BA%BC%E6%8A%93%EF%BC%9F,1,619,0.16%,8.92
https://doggy-willie.com/dog-emotions/#%E4%BB%80%E9%BA%BC%E5%8E%9F%E5%9B%A0%E6%9C%83%E5%B0%8E%E8%87%B4%E7%8B%97%E7%8B%97%E6%83%85%E7%B7%92%E4%B8%8D%E7%A9%A9%EF%BC%9F,1,216,0.46%,6.74
https://doggy-willie.com/essential-freeze-dried-pet-food-for-dog-health/,1,176,0.57%,11.38
https://doggy-willie.com/best-freeze-dried-cat-food-benefits/,1,52,1.92%,9.02
https://doggy-willie.com/login/,1,45,2.22%,3.38
https://doggy-willie.com/vomit-color/#5%E5%A3%93%E5%8A%9B%E5%A4%A7,0,5149,0%,6.96
https://doggy-willie.com/vomit-color/#2_%E9%BB%83%E8%89%B2%E6%88%96%E9%BB%83%E7%B6%A0%E8%89%B2%E3%80%81%E7%B6%A0%E8%89%B2%EF%BC%9A,0,4782,0%,6.89
https://doggy-willie.com/vomit-color/#%E9%80%8F%E9%81%8E%E7%8B%97%E7%8B%97%E5%98%94%E5%90%90%E7%89%A9%E5%88%86%E8%BE%A8%E7%8B%80%E6%B3%81,0,4712,0%,6.9
https://doggy-willie.com/dog-eat-vegetables/#1_%E8%83%A1%E8%98%BF%E8%94%94,0,2482,0%,11.16
https://doggy-willie.com/dog-eat-vegetables/#2_%E7%B6%A0%E8%8A%B1%E6%A4%B0%E8%8F%9C,0,2482,0%,11.16
https://doggy-willie.com/dog-eat-vegetables/#5_%E7%BE%BD%E8%A1%A3%E7%94%98%E8%97%8D,0,2482,0%,11.16
https://doggy-willie.com/5-essential-tips-for-puppy-teething/#%E5%B9%BC%E7%8A%AC%E6%8F%9B%E7%89%99%E6%9C%9F%E9%96%93%E5%B8%B8%E8%A6%8B%E5%95%8F%E9%A1%8C,0,2261,0%,7.91
https://doggy-willie.com/5-essential-tips-for-puppy-teething/#%E5%B9%BC%E7%8A%AC%E6%8F%9B%E7%89%99%E9%A0%86%E5%BA%8F,0,2258,0%,7.9
https://doggy-willie.com/5-essential-tips-for-puppy-teething/#%E5%B9%BC%E7%8A%AC%E5%8F%A3%E8%85%94%E7%85%A7%E8%AD%B7%E7%9A%84%E4%BA%94%E5%A4%A7%E8%A6%81%E9%BB%9E,0,2218,0%,7.91
https://doggy-willie.com/doggy-eat-fruit/#%E7%8B%97%E7%8B%97%E4%B8%8D%E5%8F%AF%E4%BB%A5%E5%90%83%E7%9A%84%E6%B0%B4%E6%9E%9C,0,1527,0%,9.49
https://doggy-willie.com/doggy-eat-fruit/#%E7%8B%97%E7%8B%97%E5%8F%AF%E4%BB%A5%E5%90%83%E7%9A%84%E6%B0%B4%E6%9E%9C,0,1527,0%,9.49
https://doggy-willie.com/dog-poisoning/#%E4%B8%80%E3%80%81_%E7%8B%97%E7%8B%97%E4%B8%AD%E6%AF%92%E7%97%87%E7%8B%80,0,1494,0%,6.8
https://doggy-willie.com/dog-poisoning/#%E4%BA%8C%E3%80%81%E7%8B%97%E7%8B%97%E4%B8%AD%E6%AF%92%E7%9A%84%E7%B7%8A%E6%80%A5%E8%99%95%E7%90%86%E6%96%B9%E5%BC%8F,0,1494,0%,6.8
https://doggy-willie.com/bad-breath-dogs-causes-treatment/,0,1376,0%,29.68
https://doggy-willie.com/puppy-food/#%E4%B8%80%E3%80%81%E5%A4%9A%E4%B9%85%E9%9C%80%E8%A6%81%E9%A4%B5%E9%A3%9F%E5%B9%BC%E7%8A%AC%E4%B8%80%E6%AC%A1%EF%BC%9F,0,619,0%,8.92
https://doggy-willie.com/puppy-food/#%E8%A7%80%E5%AF%9F%E5%B9%BC%E7%8A%AC%E7%9A%84%E9%AB%94%E6%85%8B,0,617,0%,8.94
https://doggy-willie.com/puppy-food/#%E6%A0%B9%E6%93%9A%E5%93%81%E7%89%8C%E7%9A%84%E5%BB%BA%E8%AD%B0,0,504,0%,9.21
https://doggy-willie.com/puppy-vaccinations/#%E4%BA%8C%E3%80%81%E5%B9%BC%E7%8A%AC%E7%96%AB%E8%8B%97%E7%9A%84%E7%A8%AE%E9%A1%9E%E8%88%87%E6%8E%A5%E7%A8%AE%E6%99%82%E9%96%93,0,371,0%,10.01
https://doggy-willie.com/puppy-vaccinations/#%E5%9B%9B%E3%80%81%E5%B9%BC%E7%8A%AC%E6%8E%A5%E7%A8%AE%E7%96%AB%E8%8B%97%E7%9A%84%E6%B3%A8%E6%84%8F%E4%BA%8B%E9%A0%85,0,359,0%,10.18
https://doggy-willie.com/puppy-vaccinations/#%E4%B8%89%E3%80%81%E5%B9%BC%E7%8A%AC%E7%96%AB%E8%8B%97%E7%9A%84%E6%8E%A5%E7%A8%AE%E6%B5%81%E7%A8%8B%E8%88%87%E8%B2%BB%E7%94%A8,0,355,0%,10.12
https://doggy-willie.com/dog-anxiety-behavior/#%E7%8B%97%E7%8B%97%E7%84%A6%E6%85%AE%E8%A1%8C%E7%82%BA1_%E9%81%8E%E5%BA%A6%E5%90%A0%E5%8F%AB,0,330,0%,9.12
https://doggy-willie.com/dog-anxiety-behavior/#%E7%8B%97%E7%8B%97%E7%84%A6%E6%85%AE%E8%A1%8C%E7%82%BA7_%E6%8E%92%E6%B3%84%E5%A4%B1%E6%8E%A7,0,328,0%,9.12
https://doggy-willie.com/puppy-vaccinations/#%E4%B8%80%E3%80%81%E5%B9%BC%E7%8A%AC%E7%82%BA%E4%BB%80%E9%BA%BC%E9%9C%80%E8%A6%81%E6%8E%A5%E7%A8%AE%E7%96%AB%E8%8B%97%EF%BC%9F,0,323,0%,10.35
https://doggy-willie.com/dog-anxiety-behavior/#%E7%8B%97%E7%8B%97%E7%84%A6%E6%85%AE%E8%A1%8C%E7%82%BA2_%E9%81%8E%E5%BA%A6%E8%88%94%E8%88%90%E6%88%96%E5%92%AC%E8%87%AA%E5%B7%B1,0,319,0%,9.13
https://doggy-willie.com/dog-anxiety-behavior/#%E7%8B%97%E7%8B%97%E7%84%A6%E6%85%AE%E8%A1%8C%E7%82%BA3_%E7%A0%B4%E5%A3%9E%E6%80%A7%E8%A1%8C%E7%82%BA,0,300,0%,8.92
https://doggy-willie.com/five-tips-get-along-with/#%E8%B7%9F%E7%8B%97%E7%8B%97%E5%9F%B9%E9%A4%8A%E6%84%9F%E6%83%85%E7%A7%98%E8%A8%A3_4_%E4%BD%BF%E7%94%A8%E6%AD%A3%E9%9D%A2%E5%BC%B7%E5%8C%96%E8%A8%93%E7%B7%B4,0,274,0%,4.33
https://doggy-willie.com/five-tips-get-along-with/#%E8%B7%9F%E7%8B%97%E7%8B%97%E5%9F%B9%E9%A4%8A%E6%84%9F%E6%83%85%E7%A7%98%E8%A8%A3_1_%E4%BA%86%E8%A7%A3%E7%8B%97%E7%8B%97%E7%9A%84%E8%A1%8C%E7%82%BA%E8%88%87%E9%9C%80%E6%B1%82,0,266,0%,4.3
https://doggy-willie.com/how-to-socialize-your-dog/#%E5%9B%9B%E3%80%81%E7%8B%97%E7%8B%97%E7%A4%BE%E6%9C%83%E5%8C%96%E8%A8%93%E7%B7%B4%E7%9A%84%E6%AD%A5%E9%A9%9F,0,245,0%,7.24
https://doggy-willie.com/how-to-socialize-your-dog/#%E4%B8%89%E3%80%81%E7%8B%97%E7%8B%97%E7%A4%BE%E6%9C%83%E5%8C%96%E8%A8%93%E7%B7%B4%E7%9A%84%E9%97%9C%E9%8D%B5%E6%8A%80%E5%B7%A7,0,236,0%,7.17
https://doggy-willie.com/dog-emotions/#%E7%A9%A9%E5%AE%9A%E7%8B%97%E7%8B%97%E7%9A%84%E6%83%85%E7%B7%92%E6%96%B9%E5%BC%8F2_%E5%9F%B9%E9%A4%8A%E7%A9%A9%E5%AE%9A%E7%9A%84%E6%97%A5%E5%B8%B8%E4%BD%9C%E6%81%AF,0,228,0%,6.69
https://doggy-willie.com/five-tips-get-along-with/#%E8%B7%9F%E7%8B%97%E7%8B%97%E5%9F%B9%E9%A4%8A%E6%84%9F%E6%83%85%E7%A7%98%E8%A8%A3_2_%E8%88%87%E7%8B%97%E7%8B%97%E9%80%B2%E8%A1%8C%E8%A6%8F%E5%BE%8B%E7%9A%84%E4%BA%92%E5%8B%95,0,222,0%,4.72
https://doggy-willie.com/snack-ingredients/#%E4%B8%80%E3%80%81%E4%BB%80%E9%BA%BC%E6%98%AF%E7%8B%97%E7%8B%97%E5%A4%A9%E7%84%B6%E9%9B%B6%E9%A3%9F%EF%BC%9F,0,216,0%,7.02
https://doggy-willie.com/snack-ingredients/#%E4%BA%8C%E3%80%81%E5%A6%82%E4%BD%95%E7%9C%8B%E6%87%82%E7%8B%97%E7%8B%97%E9%9B%B6%E9%A3%9F%E7%9A%84%E6%88%90%E5%88%86%E8%A1%A8%EF%BC%9F,0,216,0%,7.02
https://doggy-willie.com/dog-emotions/#%E7%A9%A9%E5%AE%9A%E7%8B%97%E7%8B%97%E7%9A%84%E6%83%85%E7%B7%92%E6%96%B9%E5%BC%8F1_%E7%B5%A6%E4%BA%88%E8%88%92%E9%81%A9%E7%9A%84%E7%92%B0%E5%A2%83%E8%88%87%E5%AE%89%E5%85%A8%E6%84%9F,0,211,0%,7.21
https://doggy-willie.com/five-tips-get-along-with/#%E8%B7%9F%E7%8B%97%E7%8B%97%E5%9F%B9%E9%A4%8A%E6%84%9F%E6%83%85%E7%A7%98%E8%A8%A3_3_%E7%87%9F%E9%80%A0%E5%AE%89%E5%85%A8%E8%88%92%E9%81%A9%E7%9A%84%E7%92%B0%E5%A2%83,0,210,0%,4.67
https://doggy-willie.com/dog-emotions/#%E7%A9%A9%E5%AE%9A%E7%8B%97%E7%8B%97%E7%9A%84%E6%83%85%E7%B7%92%E6%96%B9%E5%BC%8F3_%E4%BD%BF%E7%94%A8%E8%87%AA%E7%84%B6%E7%99%82%E6%B3%95%E5%A6%82%E7%B2%BE%E6%B2%B9%E6%88%96%E9%9F%B3%E6%A8%82,0,183,0%,7.2
https://doggy-willie.com/dog-emotions/#%E7%A9%A9%E5%AE%9A%E7%8B%97%E7%8B%97%E7%9A%84%E6%83%85%E7%B7%92%E6%96%B9%E5%BC%8F4_%E7%B5%A6%E4%BA%88%E8%B6%B3%E5%A4%A0%E7%9A%84%E9%81%8B%E5%8B%95%E8%88%87%E5%88%BA%E6%BF%80,0,180,0%,7.16
https://doggy-willie.com/https-doggywillie-com-pet-health-pet-change-fur/,0,180,0%,37.54
https://doggy-willie.com/thindog/#%E4%B8%80%E3%80%81%E8%80%81%E7%8B%97%E8%B6%8A%E4%BE%86%E8%B6%8A%E7%98%A6%E7%9A%84%E5%8E%9F%E5%9B%A0,0,177,0%,8.3
https://doggy-willie.com/thindog/#%E4%BA%8C%E3%80%81%E6%94%B9%E5%96%84%E8%80%81%E7%8B%97%E8%B6%8A%E4%BE%86%E8%B6%8A%E7%98%A6%E7%9A%84%E6%96%B9%E5%BC%8F,0,177,0%,8.3
https://doggy-willie.com/thindog/#%E8%80%81%E7%8B%97%E8%B6%8A%E4%BE%86%E8%B6%8A%E7%98%A6%E7%9A%84%E5%8E%9F%E5%9B%A01%E8%80%81%E5%8C%96,0,169,0%,8.38
https://doggy-willie.com/thindog/#%E8%80%81%E7%8B%97%E8%B6%8A%E4%BE%86%E8%B6%8A%E7%98%A6%E7%9A%84%E5%8E%9F%E5%9B%A02%E7%96%BE%E7%97%85,0,141,0%,8.92
https://doggy-willie.com/thindog/#%E6%94%B9%E5%96%84%E8%80%81%E7%8B%97%E8%B6%8A%E4%BE%86%E8%B6%8A%E7%98%A6%E7%9A%84%E6%96%B9%E5%BC%8F1%E6%8F%90%E4%BE%9B%E5%9D%87%E8%A1%A1%E7%9A%84%E9%A3%B2%E9%A3%9F,0,133,0%,9.06
https://doggy-willie.com/shortness-of-breath/#%E7%8B%97%E7%8B%97%E5%91%BC%E5%90%B8%E6%80%A5%E4%BF%83%E7%9A%84%E5%B8%B8%E8%A6%8B%E5%8E%9F%E5%9B%A0,0,129,0%,9.94
https://doggy-willie.com/shortness-of-breath/#%E5%A6%82%E4%BD%95%E5%88%86%E8%BE%A8%E7%8B%97%E7%8B%97%E5%91%BC%E5%90%B8%E6%80%A5%E4%BF%83%E7%9A%84%E5%9A%B4%E9%87%8D%E6%80%A7%EF%BC%9F,0,127,0%,9.98
https://doggy-willie.com/how-to-socialize-your-dog/#%E4%BA%8C%E3%80%81%E7%8B%97%E7%8B%97%E7%A4%BE%E6%9C%83%E5%8C%96%E8%A8%93%E7%B7%B4%E7%9A%84%E6%9C%80%E4%BD%B3%E6%99%82%E6%A9%9F,0,122,0%,8.1
https://doggy-willie.com/good-food/#%E4%B8%89%E3%80%81%E5%8F%B0%E7%81%A3%E5%93%81%E7%89%8C%E7%8B%97%E9%A3%BC%E6%96%99%E6%8E%A8%E8%96%A6%E3%80%90%E5%B0%8F%E7%8A%AC%E5%A8%81%E5%88%A9%E3%80%91,0,113,0%,4.56
https://doggy-willie.com/good-food/#%E5%8F%B0%E7%81%A3%E5%93%81%E7%89%8C%E7%8B%97%E9%A3%BC%E6%96%99%E6%8E%A8%E8%96%A6%E3%80%90%E5%B0%8F%E7%8A%AC%E5%A8%81%E5%88%A9%E3%80%91%E5%8E%9F%E5%9B%A0%E4%B8%80%E3%80%81%E7%87%9F%E9%A4%8A%E5%B0%88%E6%A5%AD%EF%BC%9A,0,113,0%,4.56
https://doggy-willie.com/how-to-socialize-your-dog/#%E4%B8%80%E3%80%81%E4%BB%80%E9%BA%BC%E6%98%AF%E7%8B%97%E7%8B%97%E7%A4%BE%E6%9C%83%E5%8C%96%E8%A8%93%E7%B7%B4%EF%BC%9F,0,113,0%,8.04
https://doggy-willie.com/benefits-of-having-pets-for-children/#1_%E6%8F%90%E5%8D%87%E6%83%85%E6%84%9F%E6%99%BA%E5%95%86,0,112,0%,6.26
https://doggy-willie.com/shortness-of-breath/#%E9%A0%90%E9%98%B2%E7%8B%97%E7%8B%97%E5%91%BC%E5%90%B8%E6%80%A5%E4%BF%83%E7%9A%84%E6%8E%AA%E6%96%BD,0,109,0%,10.09
https://doggy-willie.com/benefits-of-having-pets-for-children/#%E4%BA%8C%E3%80%81%E9%A4%8A%E5%AF%B5%E7%89%A9%E5%B0%8D%E5%AD%A9%E5%AD%90%E7%9A%84%E5%A5%BD%E8%99%95%EF%BC%9A%E5%9F%B9%E9%A4%8A%E8%B2%AC%E4%BB%BB%E6%84%9F,0,108,0%,6.3
https://doggy-willie.com/good-food/#%E4%B8%80%E3%80%81%E6%8C%91%E9%81%B8%E7%8B%97%E7%8B%97%E9%A3%BC%E6%96%99%E6%99%82%E9%A0%88%E6%B3%A8%E6%84%8F%E5%93%AA%E4%BA%9B%E4%BA%8B%E9%A0%85%EF%BC%9F,0,106,0%,4.39
https://doggy-willie.com/good-food/#%E4%BA%8C%E3%80%81%E5%8F%B0%E7%81%A3%E5%93%81%E7%89%8C%E7%8B%97%E9%A3%BC%E6%96%99%E7%9A%84%E5%84%AA%E5%8B%A2,0,106,0%,4.39
https://doggy-willie.com/benefits-of-having-pets-for-children/#%E4%B8%80%E3%80%81%E9%A4%8A%E5%AF%B5%E7%89%A9%E5%B0%8D%E5%AD%A9%E5%AD%90%E7%9A%84%E5%A5%BD%E8%99%95%EF%BC%9A%E5%BF%83%E7%90%86%E5%81%A5%E5%BA%B7,0,97,0%,6.32
https://doggy-willie.com/benefits-of-having-pets-for-children/#%E4%B8%89%E3%80%81%E9%A4%8A%E5%AF%B5%E7%89%A9%E5%B0%8D%E5%AD%A9%E5%AD%90%E7%9A%84%E5%A5%BD%E8%99%95%EF%BC%9A%E7%A4%BE%E4%BA%A4%E8%83%BD%E5%8A%9B%E6%8F%90%E5%8D%87,0,68,0%,5.99
https://doggy-willie.com/pet-vomit-three-principles/#%E5%85%88%E4%BA%86%E8%A7%A3%E7%8B%97%E7%8B%97%E7%82%BA%E4%BB%80%E9%BA%BC%E6%9C%83%E5%90%90,0,63,0%,10.65
https://doggy-willie.com/pet-vomit-three-principles/#%E7%8B%97%E7%8B%97%E5%90%90%E4%BA%86%E8%A9%B2%E6%80%8E%E9%BA%BC%E8%BE%A6%E5%91%A2,0,63,0%,10.65
https://doggy-willie.com/benefits-of-having-pets-for-children/#1_%E5%AD%B8%E7%BF%92%E6%AF%8F%E6%97%A5%E7%85%A7%E9%A1%A7%E7%9A%84%E7%BF%92%E6%85%A3,0,58,0%,5.97
https://doggy-willie.com/pet-vomit-three-principles/#%E7%8B%97%E7%8B%97%E6%97%A5%E5%B8%B8%E9%A3%B2%E9%A3%9F%E4%BF%9D%E5%81%A5%E5%8F%8A%E5%AE%9A%E6%9C%9F%E8%BA%AB%E9%AB%94%E6%AA%A2%E6%9F%A5,0,57,0%,10.84
https://doggy-willie.com/dog-skin-conditions/#%E4%B8%80%E3%80%81%E7%8B%97%E7%8B%97%E7%9A%AE%E8%86%9A%E7%97%85%E7%9A%84%E5%B8%B8%E8%A6%8B%E7%A8%AE%E9%A1%9E%E8%88%87%E7%97%87%E7%8B%80,0,49,0%,7.69
https://doggy-willie.com/dog-skin-conditions/#%E4%BA%8C%E3%80%81%E5%A6%82%E4%BD%95%E5%88%86%E8%BE%A8%E7%8B%97%E7%8B%97%E7%9A%AE%E8%86%9A%E7%97%85%EF%BC%9F,0,49,0%,7.69
https://doggy-willie.com/dog-skin-conditions/#3_%E7%9C%9F%E8%8F%8C%E6%80%A7%E7%9A%AE%E8%86%9A%E7%97%85,0,49,0%,7.69
https://doggy-willie.com/pet-vomit-three-principles/#%E5%8E%9F%E5%89%87%E4%B8%80%EF%BC%9A%E7%94%B1%E7%8B%97%E7%8B%97%E5%98%94%E5%90%90%E7%89%A9%E5%85%A7%E5%AE%B9%E5%8F%8A%E5%A4%96%E8%A7%80%EF%BC%8C%E6%8E%A8%E6%B8%AC%E5%8F%AF%E8%83%BD%E7%9A%845%E7%A8%AE%E7%8B%80%E6%B3%81,0,48,0%,10.73
https://doggy-willie.com/pet-vomit-three-principles/#%E5%8E%9F%E5%89%87%E4%BA%8C%EF%BC%9A%E8%A7%80%E5%AF%9F%E7%8B%97%E7%8B%97%E7%9A%84%E7%8B%80%E6%85%8B,0,48,0%,10.92
https://doggy-willie.com/鮭魚粉重金屬【汞】超標官方申明稿/#%E4%BA%8B%E4%BB%B6%E8%AA%AA%E6%98%8E,0,46,0%,2.87
https://doggy-willie.com/鮭魚粉重金屬【汞】超標官方申明稿/#%E6%88%91%E5%80%91%E7%9A%84%E8%A1%8C%E5%8B%95,0,46,0%,2.87
https://doggy-willie.com/鮭魚粉重金屬【汞】超標官方申明稿/#%E9%87%8D%E8%A6%81%E5%85%AC%E5%91%8A,0,46,0%,2.87
https://doggy-willie.com/pet-vomit-three-principles/#%E5%8E%9F%E5%89%87%E4%B8%89%EF%BC%9A%E7%B4%80%E9%8C%84%E3%80%81%E6%8B%8D%E7%85%A7%E3%80%81%E7%97%85%E5%8F%B2%EF%BC%8C%E6%9C%89%E6%95%88%E7%8E%87%E7%9A%84%E5%B0%B1%E9%86%AB%E8%99%95%E7%90%86,0,45,0%,10.96
https://doggy-willie.com/pet-three-concepts/,0,37,0%,12.76
https://doggy-willie.com/dog-skin-conditions/#1_%E9%81%8E%E6%95%8F%E6%80%A7%E7%9A%AE%E8%86%9A%E7%97%85,0,35,0%,7.77
https://doggy-willie.com/dog-skin-conditions/#2_%E5%AF%84%E7%94%9F%E8%9F%B2%E6%80%A7%E7%9A%AE%E8%86%9A%E7%97%85,0,35,0%,7.77
https://doggy-willie.com/dog-skin-conditions/#4_%E7%B4%B0%E8%8F%8C%E6%80%A7%E7%9A%AE%E8%86%9A%E7%97%85,0,35,0%,7.77
https://doggy-willie.com/dog-skin-conditions/#5_%E8%8D%B7%E7%88%BE%E8%92%99%E6%80%A7%E7%9A%AE%E8%86%9A%E7%97%85,0,35,0%,7.77
https://doggy-willie.com/blog/,0,35,0%,9.89
https://doggy-willie.com/registration/,0,33,0%,5.76
https://doggy-willie.com/pet-five-things/#%E7%94%9F%E6%B4%BB%E5%9E%8B%E6%85%8B%EF%BC%9A%E9%A4%8A%E6%AF%9B%E5%B0%8F%E5%AD%A9%E5%89%8D_vs_%E9%A4%8A%E6%AF%9B%E5%B0%8F%E5%AD%A9%E5%BE%8C,0,27,0%,8.81
https://doggy-willie.com/puppy-four-tips/,0,26,0%,13.31
https://doggy-willie.com/pet-five-things/#%E6%99%82%E9%96%93%EF%BC%9A%E5%AF%B5%E7%89%A9%E4%B8%8D%E5%8F%AA%E6%98%AF%E9%A4%B5%E9%A4%8A%EF%BC%8C%E6%9B%B4%E9%9C%80%E8%A6%81%E9%99%AA%E4%BC%B4,0,23,0%,8.74
https://doggy-willie.com/custom-feedback/,0,19,0%,5.32
https://doggy-willie.com/pet-five-things/#%E8%B2%BB%E7%94%A8%EF%BC%9A%E5%90%83%E7%9A%84%E3%80%81%E7%94%A8%E7%9A%84%E3%80%81%E9%86%AB%E7%99%82%E9%83%BD%E6%98%AF%E9%8C%A2,0,16,0%,9
https://doggy-willie.com/pet-five-things/#%E8%B2%AC%E4%BB%BB%EF%BC%9A%E6%AF%9B%E5%B0%8F%E5%AD%A9%E7%9A%84%E4%B8%80%E5%88%87%E5%8F%96%E6%B1%BA%E6%96%BC%E4%BD%A0,0,14,0%,9.21
https://doggy-willie.com/a-deep-dive-into-freeze-dried-pet-food-more-than-just-meat-piece-size/,0,11,0%,18.64
https://doggy-willie.com/blog/page/2/,0,10,0%,73.3
https://doggy-willie.com/nutrition-olddogs/#%E4%BA%8C%E3%80%81%E8%80%81%E7%8B%97%E7%87%9F%E9%A4%8A%E8%A3%9C%E5%85%85%E5%9B%9B%E5%A4%A7%E6%8C%87%E5%8D%97,0,9,0%,7.78
https://doggy-willie.com/nutrition-olddogs/#1_%E5%B9%B4%E9%BD%A1%E5%92%8C%E5%81%A5%E5%BA%B7%E7%8B%80%E6%B3%81%EF%BC%9A,0,9,0%,7.78
https://doggy-willie.com/freeze-dried-pet-food/#%E4%B8%89%E3%80%81%E6%8C%91%E9%81%B8%E5%87%8D%E4%B9%BE%E5%AF%B5%E7%89%A9%E9%A3%9F%E5%93%81%E7%9A%84%E4%B8%89%E5%A4%A7%E9%97%9C%E9%8D%B5%EF%BC%8C%E6%AF%9B%E7%88%B8%E5%AA%BD%E5%BF%85%E8%AE%80,0,9,0%,9.33
https://doggy-willie.com/freeze-dried-pet-food/#%E4%BA%8C%E3%80%81%E5%87%8D%E4%B9%BE%E5%AF%B5%E7%89%A9%E9%A3%9F%E5%93%81%E7%9A%84%E4%BA%94%E5%A4%A7%E5%A5%BD%E8%99%95%EF%BC%8C%E6%AF%9B%E5%AD%A9%E5%81%A5%E5%BA%B7%E7%9C%8B%E5%BE%97%E8%A6%8B,0,9,0%,9.33
https://doggy-willie.com/nutrition-olddogs/#%E8%80%81%E7%8B%97%E7%87%9F%E9%A4%8A%E8%A3%9C%E5%85%85%E6%8C%87%E5%8D%97%E4%B8%80%E3%80%81%E6%8F%90%E9%AB%98%E8%9B%8B%E7%99%BD%E8%B3%AA%E6%94%9D%E5%8F%96%E6%AF%94%E4%BE%8B,0,8,0%,7.5
https://doggy-willie.com/freeze-dried-pet-food/#%E4%B8%80%E3%80%81%E4%BB%80%E9%BA%BC%E6%98%AF%E5%87%8D%E4%B9%BE%E5%AF%B5%E7%89%A9%E9%A3%9F%E5%93%81%EF%BC%9F%E4%BF%9D%E5%AD%98%E6%96%B0%E9%AE%AE%E7%87%9F%E9%A4%8A%E7%9A%84%E7%A7%98%E5%AF%86,0,7,0%,9.29
https://doggy-willie.com/freeze-dried-pet-food/#%E5%87%8D%E4%B9%BE%E5%AF%B5%E7%89%A9%E9%A3%9F%E5%93%81_%E5%B8%B6%E9%A0%98%E9%A2%A8%E6%BD%AE,0,7,0%,9.29
https://doggy-willie.com/puppy-traning-five-tips/#%E6%92%87%E6%AD%A5%E4%B8%80%E3%80%81%E9%9B%B6%E9%A3%9F%E7%9A%84%E8%A7%92%E8%89%B2,0,6,0%,5.83
https://doggy-willie.com/puppy-traning-five-tips/#%E6%92%87%E6%AD%A52-%E9%9B%B6%E9%A3%9F%E7%9A%84%E9%81%B8%E6%93%87,0,6,0%,5.83
https://doggy-willie.com/puppy-traning-five-tips/#%E8%A7%92%E8%89%B21%E3%80%81%E6%8B%89%E8%BF%91%E9%97%9C%E4%BF%82%E7%9A%84%E6%A9%8B%E6%A8%91,0,6,0%,5.83
https://doggy-willie.com/olddog/#%E4%B8%80%E3%80%81%E7%8B%97%E5%B9%BE%E6%AD%B2%E7%AE%97%E8%80%81%EF%BC%9F,0,6,0%,11.83
https://doggy-willie.com/olddog/#%E4%BA%8C%E3%80%81%E7%85%A7%E9%A1%A7%E6%AD%A5%E5%85%A5%E8%80%81%E5%B9%B4%E6%9C%9F%E7%9A%84%E6%84%9B%E7%8A%AC%E6%87%89%E6%B3%A8%E6%84%8F%E7%9A%845%E5%A4%A7%E4%BA%8B%E9%A0%85,0,6,0%,11.83
https://doggy-willie.com/nutrition-olddogs/#%E4%B8%80%E3%80%81%E4%B8%8D%E5%90%8C%E6%99%82%E6%9C%9F%E7%9A%84%E3%80%8C%E7%87%9F%E9%A4%8A%E5%9D%87%E8%A1%A1%E3%80%8D%E5%AE%9A%E7%BE%A9%E5%A4%A7%E4%B8%8D%E7%9B%B8%E5%90%8C%EF%BC%81,0,5,0%,8.4
https://doggy-willie.com/olddog/#%E6%8C%87%E5%8D%97%E4%BA%8C%E3%80%81%E6%8F%90%E4%BE%9B%E9%81%A9%E7%95%B6%E7%9A%84%E7%87%9F%E9%A4%8A%EF%BC%9A,0,5,0%,12.2
https://doggy-willie.com/dog-hair-shedding-and-care-tips/#%E5%A6%82%E4%BD%95%E6%9C%89%E6%95%88%E9%A0%90%E9%98%B2%E8%88%87%E6%B8%9B%E5%B0%91%E7%8B%97%E7%8B%97%E6%8E%89%E6%AF%9B%E6%96%B9%E5%BC%8F,0,4,0%,8.5
https://doggy-willie.com/dog-hair-shedding-and-care-tips/#%E7%8B%97%E7%8B%97%E6%8E%89%E6%AF%9B%E7%9A%84%E5%B8%B8%E8%A6%8B%E5%8E%9F%E5%9B%A0,0,4,0%,8.5
https://doggy-willie.com/dog-hair-shedding-and-care-tips/#%E7%8B%97%E7%8B%97%E6%8E%89%E6%AF%9B%E7%9A%84%E5%B8%B8%E8%A6%8B%E5%8E%9F%E5%9B%A05_%E7%96%BE%E7%97%85%E8%88%87%E5%AF%84%E7%94%9F%E8%9F%B2,0,4,0%,8.5
https://doggy-willie.com/dog-hair-shedding-and-care-tips/#%E9%A0%90%E9%98%B2%E8%88%87%E6%B8%9B%E5%B0%91%E7%8B%97%E7%8B%97%E6%8E%89%E6%AF%9B%E6%96%B9%E5%BC%8F2_%E9%81%A9%E7%95%B6%E6%B4%97%E6%BE%A1%E8%88%87%E8%AD%B7%E7%90%86,0,4,0%,8.5
https://doggy-willie.com/dog-hair-shedding-and-care-tips/#%E9%A0%90%E9%98%B2%E8%88%87%E6%B8%9B%E5%B0%91%E7%8B%97%E7%8B%97%E6%8E%89%E6%AF%9B%E6%96%B9%E5%BC%8F3_%E6%8F%90%E4%BE%9B%E5%9D%87%E8%A1%A1%E7%9A%84%E9%A3%B2%E9%A3%9F,0,4,0%,8.5
https://doggy-willie.com/category/pet-new-parents/,0,4,0%,9.5
https://doggy-willie.com/category/pet-new-parents/page/3/,0,4,0%,9.5
https://doggy-willie.com/olddog/#%E6%8C%87%E5%8D%97%E4%B8%80%E3%80%81%E5%AE%9A%E6%9C%9F%E5%81%A5%E5%BA%B7%E6%AA%A2%E6%9F%A5%EF%BC%9A,0,4,0%,12.25
https://doggy-willie.com/category/pet-health/,0,4,0%,25
https://doggy-willie.com/category/pet-new-parents/page/2/,0,2,0%,2
https://doggy-willie.com/sod-cat-complete-and-balanced/,0,2,0%,4.5
https://doggy-willie.com/bad-breath-dogs-causes-treatment/#%E4%B8%80%E3%80%81%E7%8B%97%E7%8B%97%E5%8F%A3%E8%87%AD%E8%A7%A3%E6%B1%BA%E7%9A%84%E5%B8%B8%E8%A6%8B%E5%8E%9F%E5%9B%A0,0,2,0%,7
https://doggy-willie.com/bad-breath-dogs-causes-treatment/#%E4%BA%8C%E3%80%81%E7%8B%97%E7%8B%97%E5%8F%A3%E8%87%AD%E7%9A%84%E6%94%B9%E5%96%84%E6%96%B9%E5%BC%8F,0,2,0%,7
https://doggy-willie.com/bad-breath-dogs-causes-treatment/#1_%E7%89%99%E9%BD%92%E5%92%8C%E7%89%99%E9%BD%A6%E5%95%8F%E9%A1%8C,0,2,0%,7
https://doggy-willie.com/bad-breath-dogs-causes-treatment/#3%E8%AA%BF%E6%95%B4%E9%A3%B2%E9%A3%9F%E7%B5%90%E6%A7%8B,0,1,0%,3
https://doggy-willie.com/category/pet-health/page/4/,0,1,0%,6
https://doggy-willie.com/lost-password/,0,1,0%,46